Month,yearly
January,-0.08552480033663198
February,0.004559818725010911
March,-0.025501625402330842
April,-0.0148348624480731
May,-0.015425763069312547
June,0.009396577236116916
July,-0.01518066199658794
August,-0.008066721565833134
September,-0.046503231051111545
October,-0.04084228741411056
November,0.047065135523661435
December,0.1850892981930851
